CODPRODUTO	PRODUTO	CODGRUPO	GRUPO	CODMARCA	MARCA
20108	P�O NUTRELLA NATURAL 14 GR�OS 450g.	29	(C) - PAES NUTRELLA	6	NUTRELLA
9101	P�O DE FORMA TRADICIONAL PUL 480g.	2	(C) - PAES PULLMAN BRANCO	1	PULLMAN
8304	BISNAGUITO  TRADICIONAL PUL 300g.	3	(A) -BISNAGAS	1	PULLMAN
8025	BOLO PULLMAN CHOCOLATE 250g.	4	(B) - BOLO	1	PULLMAN
3910	BOLO PULLMAN FRAPPE CALIF/CHOC. 250g.	4	(B) - BOLO	1	PULLMAN
2877	BOLO PULLMAN GOTAS CHOC. 250g.	4	(B) - BOLO	1	PULLMAN
8904	BOLO PULLMAN LARANJA 250g.	4	(B) - BOLO	1	PULLMAN
2694	ANA MARIA 42g. COBERTA CHOC.display c/16	6	(B) - BOLINHO C/RECHEIO	14	ANA MARIA
2707	ANA MARIA 70g. GOTAS CHOCO - unidade	6	(B) - BOLINHO C/RECHEIO	14	ANA MARIA
9	OLEO DE MOTOR 3	18	ALMOXARIFADO		
5096	ANA MARIA 70g. BAUNILHA - unidade	6	(B) - BOLINHO C/RECHEIO	14	ANA MARIA
3883	ANA MARIA 70g. CHOCOLATE - unidade	6	(B) - BOLINHO C/RECHEIO	14	ANA MARIA
23702	ANA MARIA 35g. CENOURA C/CHOC. display c/16	6	(B) - BOLINHO C/RECHEIO	14	ANA MARIA
2967	ANA MARIA 42g. COB. NAPOLITANO display c/16	6	(B) - BOLINHO C/RECHEIO	14	ANA MARIA
27207	PINGUINOS BAUNILHA 80g c/2 pct.	6	(B) - BOLINHO C/RECHEIO	14	ANA MARIA
23005	P�O 53% INTEGRAL VITAGR�O 12 GR�OS PUL 450g.	29	(C) - PAES NUTRELLA	1	PULLMAN
20109	P�O NUTRELLA NATURAL GR�OS E CASTANHAS 450g.	29	(C) - PAES NUTRELLA	6	NUTRELLA
763621	QJO PARMES�O CILINDRO FAIXA AZUL 30X195g (30)	39	(A) - VIGOR MERCEARIA	30	FAIXA AZUL
10	DIESEL S-10	18	ALMOXARIFADO		
23004	P�O PULLMAN S/A�UCARES 12 GR�OS 350g.	22	(C) - PAES PULLMAN LIGHT	1	PULLMAN
8802	P�O PULLMAN S/A�UCARES 34% INTEGRAL 350g.	22	(C) - PAES PULLMAN LIGHT	1	PULLMAN
764475	SOBREMESA CREM CHOC LEITE VIGOR 180g (12)	39	(A) - VIGOR MERCEARIA	12	VIGOR ALIMENTOS
44	DISPLAY SHAMARA	17	DISPLAYS DE VENDA	2	SHAMARA ALIMENTOS
4855	RAP10 TRADICIONAL PULLMAN 297g.	9	(B) - TORTILLA	15	RAP 10
21859	RAP10 INTEGRAL 35% PULLMAN 297g	9	(B) - TORTILLA	1	PULLMAN
42113	RAP10 FIT PULLMAN 297g.	9	(B) - TORTILLA	15	RAP 10
20730	CROCANTISSIMO QUEIJO C/ CEBOLA 40g.	12	(B) -CROCANTISSIMO	13	CROCANTISSIMO
22567	CROCANTISSIMO PEITO PERU C/ REQ. 40g.	12	(B) -CROCANTISSIMO	13	CROCANTISSIMO
1	PRESTA��O DE SERVI�O	14	USO E CONSUMO		
2	MATERIAIS USO E CONSUMO	14	USO E CONSUMO		
11	ARLA 32	18	ALMOXARIFADO		
28	EXAMES MEDICOS - ADMICIONAL	14	USO E CONSUMO		
3	MESA ESCRITORIO	15	IMOBILIZADO		
4	ARMARIO ESCRITORIO	15	IMOBILIZADO		
5	CADEIRA ESCRITORIO	15	IMOBILIZADO		
6	COMPUTADORES	15	IMOBILIZADO		
7	OLEO DE MOTOR 2	18	ALMOXARIFADO		
8	IMPRESSORA	15	IMOBILIZADO		
12	INTERNET PROVEDOR	14	USO E CONSUMO		
20	LOCA��O DE SERVIDOR	14	USO E CONSUMO		
26	PAPEL SULFITE	18	ALMOXARIFADO		
13	FORRO PVC E DIVISORIAS	15	IMOBILIZADO		
21	LOCA��O DE SOFTWARE	14	USO E CONSUMO		
19	PE�AS DE VEICULOS	18	ALMOXARIFADO		
27	OLEO DE MOTOR 1	18	ALMOXARIFADO		
14	CART�O ALIMENTA��O	14	USO E CONSUMO		
22	LANTERNAS DE VEICULOS	18	ALMOXARIFADO		
15	DIESEL S-500	18	ALMOXARIFADO		
23	VENTILADORES	15	IMOBILIZADO		
16	LUBRIFICANTES	18	ALMOXARIFADO		
24	GELADEIRAS	15	IMOBILIZADO		
17	TONNER	18	ALMOXARIFADO		
18	APARELHOS TELEFONICOS FIXOS	15	IMOBILIZADO		
25	DESPESAS GERAIS P/LAN�AMENTOS EXTRAORDINARIOS	14	USO E CONSUMO		
70000	CESTO PADR�O	18	ALMOXARIFADO	1	PULLMAN
70002	CARRO DOLLY	18	ALMOXARIFADO	1	PULLMAN
700003	PALLET	18	ALMOXARIFADO		
39771	CROCANTISSIMO SALAME C/ LIM�O 40g.	12	(B) -CROCANTISSIMO	13	CROCANTISSIMO
2893	FARINHA DE ROSCA 500G PUL	20	(A) - FARINHA ROSCA	1	PULLMAN
500290	P�O ARTESANO 30% INTEGRAL 500g.	2	(C) - PAES PULLMAN BRANCO	1	PULLMAN
31	DISCO TACOGRAFO	18	ALMOXARIFADO		
29	UNIFORMES - JALECOS	18	ALMOXARIFADO		
27636	P�O DE FORMA 30% INTEGRAL PUL 480g.	2	(C) - PAES PULLMAN BRANCO	1	PULLMAN
30	PNEUS RECAUCHUTAGEM	18	ALMOXARIFADO		
28540	P�O NUTRELLA 100% NATURAL 450g.	29	(C) - PAES NUTRELLA	6	NUTRELLA
28541	P�O NUTRELLA FRUTAS GR�OS CAST. 500g.	29	(C) - PAES NUTRELLA	6	NUTRELLA
500762	ANA MARIA 35g CHOCO COM BAUNILHA	6	(B) - BOLINHO C/RECHEIO	14	ANA MARIA
44916	PINGUINOS TRIPLO CHOCO 80g c/2 pct.	6	(B) - BOLINHO C/RECHEIO	14	ANA MARIA
8341	TAPIOCA DA TERRINHA 1KG (cx/12)	21	(A) - TAPIOCA	8	DA TERRINHA
37	GM / CELTA 4P SPIRIT	15	IMOBILIZADO		
8342	TAPIOCA DA TERRINHA 500G	21	(A) - TAPIOCA	8	DA TERRINHA
1111	P�O DE ALHO SHAMARA TRADICIONAL 300g	19	(A) - PAO DE ALHO	2	SHAMARA ALIMENTOS
2222	P�O DE ALHO SHAMARA  C/ QUEIJO 300g.	19	(A) - PAO DE ALHO	2	SHAMARA ALIMENTOS
727644	QUEIJO GRUYERE FORMA FAIXA AZUL 1 UN	39	(A) - VIGOR MERCEARIA	30	FAIXA AZUL
152598	FLEX TRIP	17	DISPLAYS DE VENDA		
4161174	DISPLAY  ANA MARIA GRANDE	17	DISPLAYS DE VENDA	1	PULLMAN
999999	CREDITO DE ICMS	14	USO E CONSUMO		
47067	CROCANTISSIMO CHURRASCO 40g.	12	(B) -CROCANTISSIMO	13	CROCANTISSIMO
765357	QUEIJO PARMESAO FATIA FAIXA AZUL 300G PESO FIXO	39	(A) - VIGOR MERCEARIA	30	FAIXA AZUL
40214	ANA MARIA 35g.QD+ DUPLO CHOCO display c/16	6	(B) - BOLINHO C/RECHEIO	14	ANA MARIA
7515	P�O ARTESANO TRADICIONAL 500g.	2	(C) - PAES PULLMAN BRANCO	1	PULLMAN
30590	P�O DE FORMA TRADICIONAL S/ CASCA PUL 450g.	2	(C) - PAES PULLMAN BRANCO	1	PULLMAN
20013505	TANQUE 2000 LTS VERT 1,30X 1,60 MTS	18	ALMOXARIFADO		
29766	BISNAGA NUTRELLINHA CENOURA C/ MANDIOQ 300g.	3	(A) -BISNAGAS	6	NUTRELLA
10503020	BATATA ONDULADA BACON 45g - PEQ.	27	(A) - BATATA ONDULADA	5	PRATIC LEVE
10111014	BATATA ONDULADA NATURAL 250g - GDE.	27	(A) - BATATA ONDULADA	5	PRATIC LEVE
39767	ANA MARIA 35g. CHOCOLATE display c/16	6	(B) - BOLINHO C/RECHEIO	14	ANA MARIA
39764	ANA MARIA 35g. GOTAS DE CHOC. display c/16	6	(B) - BOLINHO C/RECHEIO	14	ANA MARIA
60805020	BATATA RUSTICA 80g - MED.	27	(A) - BATATA ONDULADA	5	PRATIC LEVE
60811014	BATATA RUSTICA 250g - GDE.	27	(A) - BATATA ONDULADA	5	PRATIC LEVE
500759	ANA MARIA 35g. BAUNILHA display c/16	6	(B) - BOLINHO C/RECHEIO	14	ANA MARIA
764652	QUEIJO PROVOLONE VIGOR CX/4 ATE3 KG	39	(A) - VIGOR MERCEARIA	12	VIGOR ALIMENTOS
502642	P�O DE HAMB. GRANDE C/GERGELIM PUL 420g.	5	(C) - LANCHE	1	PULLMAN
502644	P�O DE HAMB. GRANDE BRIOCHE PUL 520g.	5	(C) - LANCHE	1	PULLMAN
330568	COALHADA VIGOR VIV 150g  (12)	39	(A) - VIGOR MERCEARIA	12	VIGOR ALIMENTOS
766845	IOG NAT 3 GR�OS TRAD VIGOR VIV 100g (12)	39	(A) - VIGOR MERCEARIA	12	VIGOR ALIMENTOS
768056	CHANTILLY SPRAY VIGOR 250g (12)	39	(A) - VIGOR MERCEARIA	12	VIGOR ALIMENTOS
40	NOTA FISCAL - DEVOLUCAO CLIENTES	33	ADMINISTRATIVO		
331076	CREAM CHEESE LIGHT DANUBIO 150g (20)	39	(A) - VIGOR MERCEARIA	31	DANUBIO
331073	CREAM CHEESE TRADICIONAL DANUBIO 150g (20)	39	(A) - VIGOR MERCEARIA	12	VIGOR ALIMENTOS
330569	IOG NAT LAR/ CEN / MEL VIGOR VIV 150g (12)	39	(A) - VIGOR MERCEARIA	12	VIGOR ALIMENTOS
330565	IOGURTE NATURAL VIGOR VIV 150g (12)	39	(A) - VIGOR MERCEARIA	12	VIGOR ALIMENTOS
330893	MARGARINA LECO EXTRA CREMO S/SAL 200G	39	(A) - VIGOR MERCEARIA	35	LECO
330801	MAIONESE POUCH VIGOR 200g (24)	10	(A) - MERCEARIA VIGOR	12	VIGOR ALIMENTOS
735562	MARGARINA 80% COM SAL VIGOR 500g (12)	10	(A) - MERCEARIA VIGOR	12	VIGOR ALIMENTOS
735559	MARGARINA 80% COM SAL VIGOR 250g (24)	10	(A) - MERCEARIA VIGOR	12	VIGOR ALIMENTOS
735558	MARGARINA VIGOR 80%  S/SAL 500G (12)	39	(A) - VIGOR MERCEARIA	12	VIGOR ALIMENTOS
331164	MANTEIGA VIGOR EXTRA BLISTER SEM SAL 192X10G	39	(A) - VIGOR MERCEARIA	12	VIGOR ALIMENTOS
331167	BLISTER MANTEIGA EXTRA C / SAL VIGOR 192X10g	39	(A) - VIGOR MERCEARIA	12	VIGOR ALIMENTOS
330846	QJO PARM FAIXA AZUL RALADO 50g (20)	50	(A) - SECO	30	FAIXA AZUL
717472	CREAM CHEESE TRAD DAN 300g (12)	39	(A) - VIGOR MERCEARIA	31	DANUBIO
330872	QJO PARMESAO RALADO VIGOR 50g (20)	10	(A) - MERCEARIA VIGOR	12	VIGOR ALIMENTOS
737736	IOGURTE LIQUIDO MORANGO VIGOR 1260g (6)	39	(A) - VIGOR MERCEARIA	12	VIGOR ALIMENTOS
737737	IOGURTE LIQUIDO VITAMINA VIGOR 1260g (6)	39	(A) - VIGOR MERCEARIA	12	VIGOR ALIMENTOS
330806	REQUEIJ�O CREMOSO LIGTH VIGOR 200g (24)	39	(A) - VIGOR MERCEARIA	12	VIGOR ALIMENTOS
330805	REQUEIJ�O CREMOSO TRAD VIGOR 200g ( 24)	39	(A) - VIGOR MERCEARIA	12	VIGOR ALIMENTOS
330957	BLEND VIGOR MIX C / SAL 500g (12)	39	(A) - VIGOR MERCEARIA	12	VIGOR ALIMENTOS
717528	CREAM CHEESE LIGHT DAN 300g (12)	39	(A) - VIGOR MERCEARIA	31	DANUBIO
757871	BEBIDA LACTEA LIQ MORANGO LECO 9X800G	39	(A) - VIGOR MERCEARIA	12	VIGOR ALIMENTOS
766844	IOG NAT 3 GR�OS MGO VIGOR VIV 100g (12)	39	(A) - VIGOR MERCEARIA	12	VIGOR ALIMENTOS
742350	CREME DE RICOTA DANUBIO 200g (12)	39	(A) - VIGOR MERCEARIA	31	DANUBIO
330871	QUEIJO PARMES�O RALADO VIGOR 60 UNIDS /100G	39	(A) - VIGOR MERCEARIA	12	VIGOR ALIMENTOS
330570	IOGURTE INTEGRAL AMEIXA VIGOR VIV 150g (12)	39	(A) - VIGOR MERCEARIA	12	VIGOR ALIMENTOS
739331	LEITE FERMENTADO vigor 6x75g (18)	39	(A) - VIGOR MERCEARIA	12	VIGOR ALIMENTOS
330793	CHANTY MIX AMELIA 1l   (12)	10	(A) - MERCEARIA VIGOR	34	AMELIA
330887	OLEO COMPOSTO CARMELITA 200ML (24)	39	(A) - VIGOR MERCEARIA	12	VIGOR ALIMENTOS
330567	IOGURTE NAT INTEGRAL C/ MEL VIGOR VIV 150g (12)	39	(A) - VIGOR MERCEARIA	12	VIGOR ALIMENTOS
13906100	PURIFICADOR DE AGUA LATINA	15	IMOBILIZADO		
330827	QJO PARMESAO MEIA FORMA FAIXA AZUL 2 und.	39	(A) - VIGOR MERCEARIA	30	FAIXA AZUL
500199	P�O 50% INTEGRAL GR�OS E CASTANHA  PUL 450g.	29	(C) - PAES NUTRELLA	1	PULLMAN
772737	MAIONESE POTE VIGOR 500g (12)	10	(A) - MERCEARIA VIGOR	12	VIGOR ALIMENTOS
772814	FONDUE CHOCOLATE VIGOR 250g (10)	10	(A) - MERCEARIA VIGOR	12	VIGOR ALIMENTOS
20010021	TANQUE 6000 LTS HORIZ 1,60X 3,00 MTS	18	ALMOXARIFADO		
20000021	BOMBA P/ABATEC OLEO DIESEL MARCA LUPUS INDUSTRIAL MONOF.C/FILTRO	18	ALMOXARIFADO		
331144	CREAM CHEESE TRAD DANUBIO 1kg (6)	39	(A) - VIGOR MERCEARIA	31	DANUBIO
694249	FONDUE QUEIJO PARMESAO FAIXA AZUL 400g (16)	39	(A) - VIGOR MERCEARIA	30	FAIXA AZUL
772862	QJO GOUDA FAIXA AZUL 12X200g	10	(A) - MERCEARIA VIGOR	12	VIGOR ALIMENTOS
503130	P�O NUTRELLA CASTANHA DO PAR� E QUINOA 350g.	29	(C) - PAES NUTRELLA	6	NUTRELLA
503578	P�O 50% INTEGRAL 7 GR�OS PUL 450g.	29	(C) - PAES NUTRELLA	1	PULLMAN
772861	QJO TIPO GRUYERE FAIXA AZUL 150g (CX/12)	39	(A) - VIGOR MERCEARIA	30	FAIXA AZUL
503128	P�O NUTRELLA SEMENTE DE ABOBORA LINHA�A DOURADA E CENOURA 350g.	29	(C) - PAES NUTRELLA	6	NUTRELLA
775659	BEBIDA MISTA DE MA�A VIGOR 200ml (12)	10	(A) - MERCEARIA VIGOR	12	VIGOR ALIMENTOS
503129	P�O NUTRELLA CRANBERRY QUINOA  E HIBISCO 350g.	29	(C) - PAES NUTRELLA	6	NUTRELLA
775658	BEBIDA MISTA DE MORANGO VIGOR 200ml (12)	10	(A) - MERCEARIA VIGOR	12	VIGOR ALIMENTOS
773133	CREME DE QUEIJO PARMES�O FAIXA AZUL 190G	39	(A) - VIGOR MERCEARIA	30	FAIXA AZUL
333	BISC POLV VOV� CLARA TRADICIONAL 90g (CX/40)	45	(A) - SEQUILOS_BISCOITOS_PETISCOS	21	VOVO CLARA
334	BISC POLV VOV� CLARA ARGOLA DE QUEIJO 90g (CX/40)	45	(A) - SEQUILOS_BISCOITOS_PETISCOS	21	VOVO CLARA
335	BISC POLV VOV� CLARA BOLINHA DE QUEIJO 90g. (CX/40)	45	(A) - SEQUILOS_BISCOITOS_PETISCOS	21	VOVO CLARA
357	SEQUILHOS DE COCO 300g (CX/24)	45	(A) - SEQUILOS_BISCOITOS_PETISCOS	21	VOVO CLARA
776313	LEITE FERMENTADO VIGOR 800g (9)	39	(A) - VIGOR MERCEARIA	12	VIGOR ALIMENTOS
776678	IOG LIQUIDO BATIDO VIGOR 800g (9)	39	(A) - VIGOR MERCEARIA	12	VIGOR ALIMENTOS
775657	BEBIDA MISTA DE LARANJA VIGOR 200ml (12)	10	(A) - MERCEARIA VIGOR	12	VIGOR ALIMENTOS
1102	SUCO SPRESS 900ml LARANJA 100% INTEGRAL	44	SUCO NATURAL	20	SPRESS SUCOS
778281	IOG MIX SABOR MGO + CEREAIS VIGOR 140g (12)	39	(A) - VIGOR MERCEARIA	12	VIGOR ALIMENTOS
420	BISC POLV VOV� CLARA ARGOLINHA DE QJO 150g (CX/30)	45	(A) - SEQUILOS_BISCOITOS_PETISCOS	21	VOVO CLARA
101101	BISC POLV VOV� CLARA ESCALDADO 150g (CX/40)	45	(A) - SEQUILOS_BISCOITOS_PETISCOS	21	VOVO CLARA
1301	SUCO SPRESS 300ml LARANJA 100% INTEGRAL	44	SUCO NATURAL	20	SPRESS SUCOS
101102	BISC VOV� CLARA PAPA OVO 150g (CX/30)	45	(A) - SEQUILOS_BISCOITOS_PETISCOS	21	VOVO CLARA
778290	IOG MIX MGO + CEREAIS COB DE CHOCOLATE VIGOR 140g (12)	39	(A) - VIGOR MERCEARIA	12	VIGOR ALIMENTOS
101103	BISC POLV VOV� CLARA TRADICIONAL 150g (CX/30)	45	(A) - SEQUILOS_BISCOITOS_PETISCOS	21	VOVO CLARA
101104	BISC POLV VOV� CLARA ARGOLA DE QUEIJO 130g (CX/30)	45	(A) - SEQUILOS_BISCOITOS_PETISCOS	21	VOVO CLARA
201101	BROINHA DE FUB� VOV� CLARA 300g (CX/24)	45	(A) - SEQUILOS_BISCOITOS_PETISCOS	21	VOVO CLARA
601104	SEQUILHOS DE LEITE 300g (CX/24)	45	(A) - SEQUILOS_BISCOITOS_PETISCOS	21	VOVO CLARA
601105	SEQUILHOS TRADICIONAL 300g (CX/24)	45	(A) - SEQUILOS_BISCOITOS_PETISCOS	21	VOVO CLARA
302202	SALGADINHO BUEN APETIT BACON 100g	45	(A) - SEQUILOS_BISCOITOS_PETISCOS	32	BUEN APETIT
302205	SALGADINHO BUEN APETIT PELE 70g	45	(A) - SEQUILOS_BISCOITOS_PETISCOS	32	BUEN APETIT
1142	SALGADINHO PETISKO CEBOLA E SALSA 40g	45	(A) - SEQUILOS_BISCOITOS_PETISCOS	32	BUEN APETIT
71	PPB EQUIPAMENTO TECLADO JORNADA MFK3	18	ALMOXARIFADO		
503140	P�O ARTESANO P�O NA CHAPA 500g.	2	(C) - PAES PULLMAN BRANCO	1	PULLMAN
1143	SALGADINHO PETISKO COST. C/ LIM�O 40g	45	(A) - SEQUILOS_BISCOITOS_PETISCOS	32	BUEN APETIT
72	MFA VELTEC	18	ALMOXARIFADO		
1140	SALGADINHO PETISKO PIM. MEXICANA 40g	45	(A) - SEQUILOS_BISCOITOS_PETISCOS	32	BUEN APETIT
772111	QUEIJO PARMES�O FAIXA AZUL 6X500g	39	(A) - VIGOR MERCEARIA	30	FAIXA AZUL
73	VBOX VELTEC	18	ALMOXARIFADO		
781080	BEB LAC POLPA VITAMINA VIGOR TD 510g (8)	39	(A) - VIGOR MERCEARIA	12	VIGOR ALIMENTOS
74	TECLADO VELTEC	18	ALMOXARIFADO		
781081	BEB LAC POLPA MGO VIGOR TD 510g (8)	39	(A) - VIGOR MERCEARIA	12	VIGOR ALIMENTOS
77	CBR VELTEC	18	ALMOXARIFADO		
1141	SALGADINHO PETISKO PIZZA 40g	45	(A) - SEQUILOS_BISCOITOS_PETISCOS	32	BUEN APETIT
780016	IOG GREGO TRADICIONAL VIGOR 90g (24)	39	(A) - VIGOR MERCEARIA	12	VIGOR ALIMENTOS
302201	SALG. BUEN APETIT PIMENTINHA 100g	45	(A) - SEQUILOS_BISCOITOS_PETISCOS	32	BUEN APETIT
780013	IOG GREGO FRUTAS VERMELHAS VIGOR 90g (24)	39	(A) - VIGOR MERCEARIA	12	VIGOR ALIMENTOS
60905020	BATATA RUSTICA SABOR KETCHUP PRATIC LEVE 20X80g	27	(A) - BATATA ONDULADA	5	PRATIC LEVE
777111	IOG LIQ 3 GR�OS MAR/MAN VIGOR VIVI 800g (9)	39	(A) - VIGOR MERCEARIA	12	VIGOR ALIMENTOS
780014	IOG GREGO FRUTAS AMARELAS VIGOR 90g (24)	39	(A) - VIGOR MERCEARIA	12	VIGOR ALIMENTOS
779391	CREAM CHEESE LIGHT VIGOR 150g (20)	39	(A) - VIGOR MERCEARIA	12	VIGOR ALIMENTOS
780012	IOG GREGO BLUEBERRY VIGOR 90g (24)	39	(A) - VIGOR MERCEARIA	12	VIGOR ALIMENTOS
778291	IOG MIX MGO + CONFEITOS COLORIDOS VIGOR 140g (12)	39	(A) - VIGOR MERCEARIA	12	VIGOR ALIMENTOS
779508	BEB LA UHT PR DC LEIT VIGOR VIVI 250ml (24)	39	(A) - VIGOR MERCEARIA	12	VIGOR ALIMENTOS
780010	IOG GREGO FLOCOS VIGOR 90g (24)	39	(A) - VIGOR MERCEARIA	12	VIGOR ALIMENTOS
780011	IOG GREGO MGO C/ BAUNILHA VIGOR 90g (24)	39	(A) - VIGOR MERCEARIA	12	VIGOR ALIMENTOS
780354	FLAN BAUNILHA C/ CALDA VIGOR 95g (12)	39	(A) - VIGOR MERCEARIA	12	VIGOR ALIMENTOS
780018	IOG GREGO ZERO TRADICIONAL VIGOR 90g (24)	39	(A) - VIGOR MERCEARIA	12	VIGOR ALIMENTOS
2000	SUCO SPRESS COPO LARANJA 200ml	44	SUCO NATURAL	20	SPRESS SUCOS
779390	CREAM CHEESE LIGHT VIGOR 300g (12)	39	(A) - VIGOR MERCEARIA	12	VIGOR ALIMENTOS
772315	QJO PARMES�O RESERVA ESP 18 MESES FA 205g (12)	39	(A) - VIGOR MERCEARIA	12	VIGOR ALIMENTOS
780017	IOG GREGO ZERO MORANGO VIGOR 90g (24)	39	(A) - VIGOR MERCEARIA	12	VIGOR ALIMENTOS
778030	IOG LIQ 3 GR�OS FRA/LIM VIGOR VIV 170g (28)	39	(A) - VIGOR MERCEARIA	12	VIGOR ALIMENTOS
779389	CREAM CHEESE TRADICIONAL VIGOR 150g (20)	39	(A) - VIGOR MERCEARIA	12	VIGOR ALIMENTOS
775660	BEBIDA MISTA DE UVA VIGOR 200ml (12)	10	(A) - MERCEARIA VIGOR	12	VIGOR ALIMENTOS
779388	CREAM CHEESE TRADICIONAL VIGOR 300g (12)	39	(A) - VIGOR MERCEARIA	12	VIGOR ALIMENTOS
779509	PETIT SUISSE MORANGO VIGOR 320g (12)	39	(A) - VIGOR MERCEARIA	12	VIGOR ALIMENTOS
503747	P�O ARTESANO AUSTRALIANO PUL 500g	2	(C) - PAES PULLMAN BRANCO	1	PULLMAN
20001738	FREEZER BACIO DI LATTE VF28RC PEQUENO	53	FREEZER/GELADEIRAS	22	BACIO DI LATTE
20001969	FREEZER BACIO DI LATTE VF50RC GRANDE	53	FREEZER/GELADEIRAS	22	BACIO DI LATTE
632343	REQUEIJ�O CREMOSO BLISTER DANUBIO 18G(144)	39	(A) - VIGOR MERCEARIA	31	DANUBIO
402201	BATATA PALHA BUEN APETIT 150g	32	(A) - BATATA PALHA	32	BUEN APETIT
31024196	MEGA AM�NDOAS 20x74g	51	B2C	64	NESTLE
776674	IOG LIQ MORANGO VIGOR 800g (9)	39	(A) - VIGOR MERCEARIA	12	VIGOR ALIMENTOS
8343	BATATA PALHA DA TERRINHA EX FINA 120g CX 20	21	(A) - TAPIOCA	8	DA TERRINHA
776936	IOGURTE LIQUIDO BATIDO VIGOR 170g (28)	39	(A) - VIGOR MERCEARIA	12	VIGOR ALIMENTOS
776938	IOGURTE LIQUIDO MORANGO VIGOR 170g (28)	39	(A) - VIGOR MERCEARIA	12	VIGOR ALIMENTOS
9091	SUCO SPRESS BOLSA 5 Litros  GOIABA	44	SUCO NATURAL	20	SPRESS SUCOS
2158193261	SHAKE WHEY 14 CARAMELO VC 250 ML (12)	51	B2C	60	VERDE CAMPO
779510	PETIT SUISSE CHOC INFANTIL VIGOR 320g (12)	39	(A) - VIGOR MERCEARIA	12	VIGOR ALIMENTOS
776939	IOGURTE LIQUIDO VITAMINA 170g (28)	39	(A) - VIGOR MERCEARIA	12	VIGOR ALIMENTOS
9092	SUCO SPRESS BOLSA 5 Litros UVA	44	SUCO NATURAL	20	SPRESS SUCOS
777793	QUEIJO PARMES�O FATIA VIGOR 200g (24)	39	(A) - VIGOR MERCEARIA	12	VIGOR ALIMENTOS
31024304	CONE KIT KAT 24x68g (CX/ 24)	51	B2C	64	NESTLE
772813	FONDUE DE QUEIJO VIGOR 400g (16)	10	(A) - MERCEARIA VIGOR	12	VIGOR ALIMENTOS
4005573	BOMBOM DE GELATO BACIO 144G (CX/8)	51	B2C	22	BACIO DI LATTE
4005574	BOMBOM DE GELATO CIOCCOLATO 144G (CX/8)	51	B2C	22	BACIO DI LATTE
DB000008	DISPLAY M�DIO RAP 10	17	DISPLAYS DE VENDA	15	RAP 10
768905	MAIONESE VIGOR 6X1kg	10	(A) - MERCEARIA VIGOR	12	VIGOR ALIMENTOS
31024197	MEGA CL�SSICO 20x73g	51	B2C	64	NESTLE
31021265	PIC TOR��O AZUL NATA E GROSELHA FINI 45G (CX/20)	51	B2C	67	FINI
31022580	PIC FINI DENTADURAS 50g (CX/20)	51	B2C	67	FINI
31006201	MEGA TRUFA BRANCO NESTL� 71G (CX/20)	51	B2C	64	NESTLE
31016701	PIC TUBES MORANGO AZEDINHO FINI 45g (CX/45)	51	B2C	67	FINI
31010714	SORVETE 3 CHOCOLATES LACTA POTE 1,5L (CX/8)	51	B2C	66	LACTA
2158193214	SHAKE WHEY 14 CAPPUCCINO VC 250 ML (12)	51	B2C	60	VERDE CAMPO
31021916	PIC GAROTO BOMBOM 68g (CX/36)	51	B2C	68	GAROTO
31016763	PIC BATON CHOCOLATE GAROTO 45g (CX/45)	51	B2C	68	GAROTO
504369	BISNAGA ARTESANO 300g.	3	(A) -BISNAGAS	1	PULLMAN
31017168	SORVETE SERENATA DE AMOR GAROTO CHOCOLATE CONE 62g (CX/24)	51	B2C	68	GAROTO
773134	REQUEIJ�O CULIN�RIO VIGOR 1,5kg (CX/4)	10	(A) - MERCEARIA VIGOR	12	VIGOR ALIMENTOS
31016626	SORVETE ESPECIALIDADES NAPOLITANO NESTL� POTE 1,5L (CX/8)	51	B2C	64	NESTLE
784896	REQUEIJ�O TRADICIONAL VIGOR  400G (CX/12)	51	B2C	12	VIGOR ALIMENTOS
784895	REQUEIJ�O LIGHT VIGOR�400G (CX/12)	51	B2C	12	VIGOR ALIMENTOS
780939	REQUEIJ�O TRADICIONAL DANUBIO  190G (CX/24)	51	B2C	31	DANUBIO
780940	REQUEIJ�O LIGHT DANUBIO 190G (CX/24)	51	B2C	31	DANUBIO
402202	BATATA PALHA BUEN APETIT 300g	32	(A) - BATATA PALHA	32	BUEN APETIT
19000039	FREEZER MODELO NT4 127	53	FREEZER/GELADEIRAS	64	NESTLE
31017171	PIC CROCANTE GAROTO 65G (CX/20)	51	B2C	68	GAROTO
GERID00499IQ	GERADOR A DIESEL - GDT 100	15	IMOBILIZADO	19	USO CONSUMO IMPOSTOS
9090	SUCO SPRESS BOLSA 5 Litros  LARANJA INTEGRAL	44	SUCO NATURAL	20	SPRESS SUCOS
31019528	SORVETE DUO BAUNILHA COM MORANGO GAROTO POTE 380ML (CX/6)	51	B2C	68	GAROTO
19000050	FREEZER MODELO NT4 127V - NESTLE	53	FREEZER/GELADEIRAS	64	NESTLE
31021827	PIC LA FRUTTA MORANGO AO LEITE NESTL� 60G (CX/42)	51	B2C	64	NESTLE
31021781	PIC LA FRUTTA  MARACUJ� AO LEITE NESTL� 60G (CX/42)	51	B2C	64	NESTLE
775893	BEB LAC UHT PROT CHOC VIGOR VIV 250ml (24)	39	(A) - VIGOR MERCEARIA	12	VIGOR ALIMENTOS
31022419	PIC LA FRUTTA UVA  66G (CX/42)	51	B2C	64	NESTLE
31022420	PIC LA FRUTTA COCO  66G (CX/42)	51	B2C	64	NESTLE
775653	ACHOCOLATADO VIGOR 200mL (12)	39	(A) - VIGOR MERCEARIA	12	VIGOR ALIMENTOS
9094	SUCO SPRESS BOLSA COMPOSTO LARANJA 5 LTS (ADO�ADO)	44	SUCO NATURAL	20	SPRESS SUCOS
31022422	PIC LA FRUTTA LIM�O  66G (CX/42)	51	B2C	64	NESTLE
5558	PICOL� BACIO COM COBERTURA 70G (CX/18)	51	B2C	22	BACIO DI LATTE
31020190	SORVETE NESTL� GOURMET FLOCOS 5L - 1	51	B2C	64	NESTLE
31020191	SORVETE NESTL� GOURMET CHOCOLATE 5L - 1	51	B2C	64	NESTLE
31020192	SORVETE NESTL� GOURMET CREME 5L - 1	51	B2C	64	NESTLE
31020189	SORVETE NESTL� GOURMET MORANGO 5L  - 1	51	B2C	64	NESTLE
31006172	PIC CHAMBINHO MORANGO NESTL� 45G (CX/24)	51	B2C	64	NESTLE
775854	CHANTY MIX AM�LIA 200ml (12)	10	(A) - MERCEARIA VIGOR	34	AMELIA
31006177	PIC PREST�GIO COCO E CHOCOLATE NESTL� 54G (CX/20)	51	B2C	64	NESTLE
31016762	PIC MO�A LEITE CONDENSADO NESTL� 59G (CX/42)	51	B2C	64	NESTLE
31009967	PIC MO�A BRIGADEIRO NESTL� 63G (CX/30)	51	B2C	64	NESTLE
31024194	OREO SANDWICH BAUNILHA CX C/ 20	51	B2C	65	OREO
31024193	PIC OREO BAUNILHA CX C/ 20	51	B2C	65	OREO
31019487	PIC CREMOSO COCO GAROTO 55G (CX/42)	51	B2C	68	GAROTO
31019523	PIC BRIGADEIRO GAROTO 53G (CX/30)	51	B2C	68	GAROTO
31015699	PIC KIT KAT CHOCOLATE NESTL� 61G (CX/20)	51	B2C	64	NESTLE
31019524	PIC CREMOSO CHOCOLATE AO LEITE GAROTO 55G (CX/42)	51	B2C	68	GAROTO
FRE00158-U	REFRIGERADOR SUCOS SPRESS VB40R METALFRIO VISU PORTA DE VIDRO 220V	53	FREEZER/GELADEIRAS	20	SPRESS SUCOS
31012403	MEGA 3 CHOCOLATES NESTL� 74G (CX/20)	51	B2C	64	NESTLE
31023181	CONE SERENATA GAROTO CX C/ 24	51	B2C	68	GAROTO
31019522	PIC COBERTO CHOCOLATE AO LEITE GAROTO 61G (CX/20)	51	B2C	68	GAROTO
5559	PICOL� CIOCCOLATO BELGA COM COBERTURA 70G (CX/18)	51	B2C	22	BACIO DI LATTE
23	QUEIJO MOZZARELLA B�FALA BOLA CEREJA 250g (12)	51	B2C	25	BOM DESTINO
9093	SUCO SPRESS BOLSA 5 Litros CAJU	44	SUCO NATURAL	20	SPRESS SUCOS
19000038	FREEZER MODELO NT6 220V - NESTLE	53	FREEZER/GELADEIRAS	64	NESTLE
31020650	PIC DOCINHO MORANGO COM RECHEIO DE CHOCOLATE GAROTO 45G (CX/45)	51	B2C	68	GAROTO
9476	QUEIJO BURRATA DE BUFALA CREME IMERSA 200g (18)	51	B2C	25	BOM DESTINO
31021496	PIC DOCINHO MARACUJ� COM RECHEIO DE LEITE CONDENSADO GAROTO 45G (CX/45)	51	B2C	68	GAROTO
4005576	BOMBOM DE GELATO PISTACCHIO 144G (CX/8)	51	B2C	22	BACIO DI LATTE
19000037	FREEZER MODELO NT5 127V - NESTLE	53	FREEZER/GELADEIRAS	64	NESTLE
31017170	MEGA CHEESECAKE NESTL� 71G (CX/20)	51	B2C	64	NESTLE
2998	FREEZER BACIO NF20R (PICOL�)	53	FREEZER/GELADEIRAS	22	BACIO DI LATTE
8350	BISNAGUITO 300G PVT	52	PLUSVITA	63	PLUSVITA
8660	BOLO ABACAXI 250G PVT	52	PLUSVITA	63	PLUSVITA
8662	BOLO CHOC 250G PVT	52	PLUSVITA	63	PLUSVITA
8014	BOLO COCO 250G PVT	52	PLUSVITA	63	PLUSVITA
21620	BOLO FRAPE 250G PVT	52	PLUSVITA	63	PLUSVITA
2202	SUCO SPRESS 900ml  LARANJA C/ TANGERINA	44	SUCO NATURAL	20	SPRESS SUCOS
2203	SUCO SPRESS 900ml LARANJA C/ MORANGO	44	SUCO NATURAL	20	SPRESS SUCOS
2205	SUCO SPRESS 900ml GOIABA	44	SUCO NATURAL	20	SPRESS SUCOS
2878	BOLO GOTAS CHOC 250G PVT	52	PLUSVITA	63	PLUSVITA
8019	BOLO LARANJA 250G PVT	52	PLUSVITA	63	PLUSVITA
26097	PAO GRAOS E CASTANHAS 450G PVT	52	PLUSVITA	63	PLUSVITA
500291	PAO ARTESANO INTEGRAL 500G PVT	52	PLUSVITA	63	PLUSVITA
503748	PAO ARTESANO AUSTRALIANO 500G PVT	52	PLUSVITA	63	PLUSVITA
503141	PAO ARTESANO PAO NA CHAPA 500G PVT	52	PLUSVITA	63	PLUSVITA
7517	PAO ARTESANO PLUS VITA 500G	52	PLUSVITA	63	PLUSVITA
27637	PAO INTEGRAL PLUS VITA 480G PVT	52	PLUSVITA	63	PLUSVITA
30620	PAO FORMA INTEGRAL SEM CASCA 450G PVT	52	PLUSVITA	63	PLUSVITA
504437	BISNAGA ARTESANO NA CHAPA 300g.	3	(A) -BISNAGAS	1	PULLMAN
1308	PAO ORIGINAL 480G PVT	52	PLUSVITA	63	PLUSVITA
31017174	SORVETE LA FRUTTA MANGA E MORANGO COM CHIA NESTL� POTE 1L (CX/12)	51	B2C	64	NESTLE
30617	PAO FORMA SEM CASCA 450G PVT	52	PLUSVITA	63	PLUSVITA
2157173006	IOG LACFREE MORANGO VC 500G (12)	51	B2C	60	VERDE CAMPO
31017178	SORVETE LA FRUTTA COCO E FRAMBOESA NESTL� POTE 1L CX/12	51	B2C	64	NESTLE
31006269	SORVETE MO�A TRIO BRIG DE MORANGO, BRIG DE CHOC E BEIJINHO  NESTL� POTE 1,5L (CX/8)	51	B2C	64	NESTLE
502874	P�O DE HAMBURGUER TIPO BRIOCHE PLUS VITA 520G	52	PLUSVITA	63	PLUSVITA
31006232	SORVETE MO�A BRIGADEIRO NESTL� POTE 1,5L CX/8	51	B2C	64	NESTLE
31006225	SORVETE SENSA��O MORANGO NESTL� POTE 1,5L CX/8	51	B2C	64	NESTLE
500226	PAO DE HAMBUGUER COM GERGELIM  420G PVT	52	PLUSVITA	63	PLUSVITA
500224	PAO DE HAMBUGUER COM GERGELIM 200G PVT	52	PLUSVITA	63	PLUSVITA
500228	PAO DE HOT DOG 270G - PVT	52	PLUSVITA	63	PLUSVITA
39629	PAO DE MILHO 450G PVT	52	PLUSVITA	63	PLUSVITA
48366	PAO ZERO 12 GRAOS 350G PVT	52	PLUSVITA	63	PLUSVITA
504517	RAP 10 PAO TORTILHA CHOCOLATE 198G	9	(B) - TORTILLA	15	RAP 10
31017179	PIC LAKA CHOCOLATE BRANCO E OREO LACTA 68G (CX/20)	51	B2C	66	LACTA
1696	PAO ZERO INTEGRAL 350G PVT	52	PLUSVITA	63	PLUSVITA
31006131	SORVETE GALAK CHOC BRANCO NESTL� POTE 1,5L CX/8	51	B2C	64	NESTLE
31006228	SORVETE TRADICIONAL CREME NESTL� POTE 1,5L CX/8	51	B2C	64	NESTLE
7811	PAO DE COCO 450G PVT	52	PLUSVITA	63	PLUSVITA
31020194	SORVETE TRADICIONAL CHOCOLATE NESTL� POTE 1,5L CX/8	51	B2C	64	NESTLE
31021211	SORVETE BATON DUO  GAROTO POTE 1L CX/12	51	B2C	68	GAROTO
31009886	SORVETE NAPOLITANO FLOCOS NESTL� POTE 1,5L CX/8	51	B2C	64	NESTLE
31006133	SORVETE TRADICIONAL NAPOLITANO NESTL� POTE 1,5L CX/8	51	B2C	64	NESTLE
31022764	SORVETE CREME NOBRELLI POTE 1,3L CX/8	51	B2C	69	NOBRELLI
503579	PAO 7 GRAOS 450G PVT	52	PLUSVITA	63	PLUSVITA
31022765	SORVETE NAPOLITANO NOBRELLI POTE 1,3L CX/8	51	B2C	69	NOBRELLI
31022766	SORVETE FLOCOS NOBRELLI POTE 1,3L CX/8	51	B2C	69	NOBRELLI
503655	PAO NUTRELLA AVEIA + SEMENTES CL�SSICAS 350G	29	(C) - PAES NUTRELLA	6	NUTRELLA
31022762	SORVETE DUO CHOC COM NATA NOBRELLI POTE 1,3L CX/8	51	B2C	69	NOBRELLI
31022763	SORVETE DUO MORANGO COM BAUNILHA NOBRELLI POTE 1,3L CX/8	51	B2C	69	NOBRELLI
31020469	SORVETE TENTAZIONE TRUFADINHO NOBRELLI POTE 1,5L CX/8	51	B2C	69	NOBRELLI
31020468	SORVETE TENTAZIONE MORANGO NOBRELLI POTE 1,5L CX/8	51	B2C	69	NOBRELLI
31022413	PIC SONHO DE VALSA CHOCOLATE LACTA 69G (CX/20)	51	B2C	66	LACTA
31010881	PIC LAKA CHOCOLATE BRANCO LACTA 68G (CX/20)	51	B2C	66	LACTA
31020467	SORVETE TENTAZIONE GREGO NOBRELLI POTE 1,5L CX/8	51	B2C	69	NOBRELLI
31017169	SORVETE OREO BAUNILHA CONE 62G (CX/24)	51	B2C	65	OREO
31011660	SORVETE OREO CHOCOLATE SANDWICH 81G (CX/20)	51	B2C	65	OREO
5562	PICOL� DOCE DE LEITE 70G (CX/18)	51	B2C	22	BACIO DI LATTE
31010882	PIC DIAMANTE NEGRO CHOCOLATE LACTA 68G (CX/20)	51	B2C	66	LACTA
505881	PAO DE HAMB ARTESANO AUST 420G PVT	52	PLUSVITA	63	PLUSVITA
31024488	MULTIPACK SONHO DE VALSA  69G (CX/12)	14	USO E CONSUMO	66	LACTA
5560	PICOL� COCCO COM COBERTURA 70G (CX/18)	51	B2C	22	BACIO DI LATTE
500077	FARINHA DE ROSCA 10X500G PVT	52	PLUSVITA	63	PLUSVITA
5561	PICOL� CREME DE MARACUJA (CX/18)	51	B2C	22	BACIO DI LATTE
778273	IOG NATURAL DESNATADO VIGOR VIV 150G (12)	39	(A) - VIGOR MERCEARIA	12	VIGOR ALIMENTOS
5563	PICOL� GIANDUIA COM COBERTURA 70G (CX/16)	51	B2C	22	BACIO DI LATTE
5565	PICOL� PISTACCHIO COM COBERTURA 70G (CX/16)	51	B2C	22	BACIO DI LATTE
5566	PICOL� FRAGOLA 65G (CX/18)	51	B2C	22	BACIO DI LATTE
501592	PAO BRANCO 350G PVT	52	PLUSVITA	63	PLUSVITA
501594	PAO INTEGRAL 350G PVT	52	PLUSVITA	63	PLUSVITA
47860	PAO 12 GRAOS 1P 450G SP PVT	52	PLUSVITA	63	PLUSVITA
1438	APARELHO DE REFRIGERACAO MODELO R400 MARCARODOFRIO	18	ALMOXARIFADO		
778280	IOG MIX GRANOLA BANANA E MEL VIGOR VIV 140g (12)	39	(A) - VIGOR MERCEARIA	12	VIGOR ALIMENTOS
506392	ANA MARIA 70g BANOFFEE	6	(B) - BOLINHO C/RECHEIO	14	ANA MARIA
19000040	Freezer Modelo NT4 110 V - CapNESLTE	53	FREEZER/GELADEIRAS	64	NESTLE
764655	QUEIJO GRUYERE FORMA 1X14KG	39	(A) - VIGOR MERCEARIA	12	VIGOR ALIMENTOS
31024419	MULTIPACK LAFRUTTA UVA 66G (CX/12)	14	USO E CONSUMO	64	NESTLE
4572	QUEIJO BURRATA DE BUFALA CREME 200g (12)	51	B2C	25	BOM DESTINO
133380	PUXADOR INT CONCHA PLASTICA 13042	15	IMOBILIZADO	19	USO CONSUMO IMPOSTOS
775656	BEBIDA MISTA DE MARACUJ� VIGOR 200ml (12)	10	(A) - MERCEARIA VIGOR	12	VIGOR ALIMENTOS
778668	TRIO DE QUEIJOS CX/14 - 14X200g	39	(A) - VIGOR MERCEARIA	30	FAIXA AZUL
131912	REGISTRO POSTERIOR UNIVERSAL	15	IMOBILIZADO	19	USO CONSUMO IMPOSTOS
133381	PUXADOR FIXO EXTERNO RETO 13049	15	IMOBILIZADO	19	USO CONSUMO IMPOSTOS
131870	SUPORTE DA ROLDANA PORTA CF (PLASTICO)	15	IMOBILIZADO	19	USO CONSUMO IMPOSTOS
130130	ROLDANA PLASTICA UNIVERSAL PORTA CF	15	IMOBILIZADO	19	USO CONSUMO IMPOSTOS
131916	PERFIL ALUM. GUIA INFERIOR (111028)	15	IMOBILIZADO	19	USO CONSUMO IMPOSTOS
131894	BATENTE FIM DE CURSO DIR 15035	15	IMOBILIZADO	19	USO CONSUMO IMPOSTOS
778292	IOG MIX SABOR IOG+ CEREIAS VIGOR 140G (12)	39	(A) - VIGOR MERCEARIA	12	VIGOR ALIMENTOS
7777	BRINDES	17	DISPLAYS DE VENDA		
775153	QJO PROCE FATIADO CHEDDAR 2,24Kg. (4)	49	REFRIGERADO	12	VIGOR ALIMENTOS
200	SUCO SPRESS COPO CAJU 200ml	44	SUCO NATURAL	20	SPRESS SUCOS
31024471	MULTIPACK KIT KAT 61G (CX/12)	14	USO E CONSUMO	64	NESTLE
765463	CHANTY MIX SUPREME AM�LIA 1L(12)	49	REFRIGERADO	34	AMELIA
506391	ANA MARIA 70g TRIPLO CHOCO	6	(B) - BOLINHO C/RECHEIO	14	ANA MARIA
1246	P�O DE ALHO BAGUETE RESERVA ONE 300G (12)	19	(A) - PAO DE ALHO	72	RESERVA ONE
12587	COMPLEMENTO DE ICMS	33	ADMINISTRATIVO	19	USO CONSUMO IMPOSTOS
1247	P�O DE ALHO BAGUETE PICANTE RESERVA ONE 300G (12)	19	(A) - PAO DE ALHO	72	RESERVA ONE
632277	CREAM CHEESE BLISTER DANUBIO 18G (CX/144)	49	REFRIGERADO	31	DANUBIO
772775	QJO TIPO GORGONZOLA FRAC VIGOR 100g (12)	39	(A) - VIGOR MERCEARIA	12	VIGOR ALIMENTOS
203	SUCO SPRESS COPO GOIABA 200ml	44	SUCO NATURAL	20	SPRESS SUCOS
2463	MANTEIGA DE B�FALA 200g (12)	51	B2C	25	BOM DESTINO
506380	TAKIS FUEGO 1P 56G FLOW BAR	45	(A) - SEQUILOS_BISCOITOS_PETISCOS	70	TAKIS
1248	P�O DE ALHO BOLINHA TRADICIONAL RESERVA ONE 300G (12)	19	(A) - PAO DE ALHO	72	RESERVA ONE
5567	PICOL� LIMONE 65G (CX/18)	51	B2C	22	BACIO DI LATTE
90620012	FAROFA CROCANTE APIMENTADA PRATIC LEVE 320g.	30	(A) - FAROFA	5	PRATIC LEVE
4005575	BOMBOM DE GELATO FRAMBOESA 144G (CX/8)	51	B2C	22	BACIO DI LATTE
502802	RAP10 TAPIOCA PULLMAN 198G	9	(B) - TORTILLA	15	RAP 10
2157173172	IOG LACFREE S/ADOC NATURAL VC 500G (12)	51	B2C	60	VERDE CAMPO
131899	BORRACHA VEDACAO SOLEIRA C/ENC 11022	14	USO E CONSUMO	19	USO CONSUMO IMPOSTOS
130158	PERFIL ALUM. CARENAGEM PORTA CF(111039)	15	IMOBILIZADO	19	USO CONSUMO IMPOSTOS
131893	BATENTE FIM DE CURSO ESQ 15036	15	IMOBILIZADO	19	USO CONSUMO IMPOSTOS
2162211027	QUEIJO PADRAO VC 420g (16)	51	B2C	60	VERDE CAMPO
131913	PERFIL ALUM. PORTA/TRILHO (111020)	15	IMOBILIZADO	19	USO CONSUMO IMPOSTOS
31007934	PIC OREO 65G (CX/20)	51	B2C	65	OREO
C030	BANDEJA MCDONALDS	18	ALMOXARIFADO		
9041	M. BENZ/ ATEGO 1719	15	IMOBILIZADO		
131935	PERFIL ALUM. TAMPA RESISTENCIA DO MARCO (111004)	15	IMOBILIZADO	19	USO CONSUMO IMPOSTOS
5572	PICOL� BACIO BIANCO COM COBERTURA 70G (CX/18)	51	B2C	22	BACIO DI LATTE
2157173177	IOG WHEY 28 MORANGO VC 500G (12)	49	REFRIGERADO	60	VERDE CAMPO
131914	PERFIL ALUM. TRILHO (111021)	15	IMOBILIZADO	19	USO CONSUMO IMPOSTOS
111604302	EMPILHADEIRA ER1648 01 BAT FULG 24V/380AH+01 CARREG TRIFASICO KM 24/70	15	IMOBILIZADO		
2157176157	IOG WHEY 10 GOJIBERRY VC 170G (12)	51	B2C	60	VERDE CAMPO
2157176027	IOG LACFREE NATURAL VC 170G (12)	51	B2C	60	VERDE CAMPO
131932	PERFIL ALUM. MARCO 130MM (111016)	15	IMOBILIZADO	19	USO CONSUMO IMPOSTOS
141686	MASSA VEDANTE PAINEIS (BRANCO) - 600ML	15	IMOBILIZADO	19	USO CONSUMO IMPOSTOS
8181075	MANTEIGA EXTRA SEM SAL 5K	49	REFRIGERADO	12	VIGOR ALIMENTOS
9012	CLIP STRIP - PRATIC LEVE	17	DISPLAYS DE VENDA	5	PRATIC LEVE
19000041	FREEZER MODELO VERTICAL SLIM - NESTLE	53	FREEZER/GELADEIRAS	64	NESTLE
19000042	FREEZER MODELO VERTICAL 220 V -  NESTLE	53	FREEZER/GELADEIRAS	64	NESTLE
19000043	FREEZER MODELO NT3 127 V- NESTLE	53	FREEZER/GELADEIRAS	64	NESTLE
772694	MARGARINA 80% COM SAL VIGOR 1kg (6)	10	(A) - MERCEARIA VIGOR	12	VIGOR ALIMENTOS
19000044	FREEZER MODELO NT3 220 V - NESTLE	53	FREEZER/GELADEIRAS	64	NESTLE
19000045	FREEZER MODELO NT2 220 V -NESTLE	53	FREEZER/GELADEIRAS	64	NESTLE
19000046	FREEZER MODELO NT2 127 V- NESTLE	53	FREEZER/GELADEIRAS	64	NESTLE
19000047	FREEZER MODELO NT5 220 V - NESTLE	53	FREEZER/GELADEIRAS	64	NESTLE
1205	SUCO SPRESS CAJU 1,7 Litros	44	SUCO NATURAL	20	SPRESS SUCOS
1206	SUCO SPRESS MARACUJ� 1,7 Litros	44	SUCO NATURAL	20	SPRESS SUCOS
1207	SUCO SPRESS UVA 1,7 Litros	44	SUCO NATURAL	20	SPRESS SUCOS
504227	ANA MARIA 42g COBERTA AVEL� LOW AM	6	(B) - BOLINHO C/RECHEIO	14	ANA MARIA
19000048	FREEZER MODELO NT4 220 V - NESTLE	53	FREEZER/GELADEIRAS	64	NESTLE
1208	SUCO SPRESS LARANJA 1,7 Litros	44	SUCO NATURAL	20	SPRESS SUCOS
771677	QUEIJO BRIE FORMA 1KG(2)	49	REFRIGERADO	12	VIGOR ALIMENTOS
505883	P�O ARTESANO MA�A 500g.	1	(C) - PAES PULLMAN ESPECIAIS	1	PULLMAN
19000532	PALLET STORES	18	ALMOXARIFADO		
31024191	PIC LA FRUTTA MANGA 42X66g	51	B2C	64	NESTLE
BMB53070902	DISPLAY TAKIS PEQUENO	17	DISPLAYS DE VENDA	70	TAKIS
505879	PAO DE HAMB ARTESANO 1P 420G SP PVT	52	PLUSVITA	63	PLUSVITA
BMB426634	DISPLAY TAKIS MEDIO	17	DISPLAYS DE VENDA	70	TAKIS
BMB3235816	DISPLAY TAKIS GRAND	17	DISPLAYS DE VENDA	70	TAKIS
BMB2524830	CLIP STRIP TAKIS TAMANHO G	17	DISPLAYS DE VENDA	70	TAKIS
772773	QUEIJO TIPO BRIE FRAC VIGOR 120G (12)	39	(A) - VIGOR MERCEARIA	12	VIGOR ALIMENTOS
772774	QJO TIPO CAMMEMBERT FRAC VIGOR 12X120g	39	(A) - VIGOR MERCEARIA	12	VIGOR ALIMENTOS
504370	BISNAGA ARTESANO 1P 300G SP PVT	52	PLUSVITA	63	PLUSVITA
504438	BISNAGA ARTESANO NA CHAPA 1P 300G SP PVT	52	PLUSVITA	63	PLUSVITA
506381	TAKIS XPLOSION 1P 56G FLOW BAR	45	(A) - SEQUILOS_BISCOITOS_PETISCOS	70	TAKIS
10216020	BATATA ONDULADA CEBOLA SALSA 40g	27	(A) - BATATA ONDULADA	5	PRATIC LEVE
10116020	BATATA ONDULADA NATURAL 40g	27	(A) - BATATA ONDULADA	5	PRATIC LEVE
10316020	BATATA ONDULADA CHURRASCO 40g	27	(A) - BATATA ONDULADA	5	PRATIC LEVE
772661	QJO PARMES�O FAIXA AZUL  LASCAS 12X150g	39	(A) - VIGOR MERCEARIA	30	FAIXA AZUL
506382	TAKIS HOT CHILLI 1P 56G FLOW BAR	45	(A) - SEQUILOS_BISCOITOS_PETISCOS	70	TAKIS
772496	QUEIJO PARMES�O FORMA VIGOR - PESO VARIAVEL	39	(A) - VIGOR MERCEARIA	12	VIGOR ALIMENTOS
506383	TAKIS FUEGO 1P 90G FLOW BAR	45	(A) - SEQUILOS_BISCOITOS_PETISCOS	70	TAKIS
506384	TAKIS XPLOSION 1P 90G FLOW BAR	45	(A) - SEQUILOS_BISCOITOS_PETISCOS	70	TAKIS
506385	TAKIS HOT CHILLI 1P 90G FLOW BAR	45	(A) - SEQUILOS_BISCOITOS_PETISCOS	70	TAKIS
31024195	MEGA TRUFA BRANCO 71G (CX/20)	51	B2C	64	NESTLE
4005571	GELATO BROWNIE POTE c/8 490ml	51	B2C	22	BACIO DI LATTE
2157173163	IOG LACFREE BMM VC 500G (12)	51	B2C	60	VERDE CAMPO
2157173164	IOG WHEY 28 COOKIES&CREAM VC 500G (12)	51	B2C	60	VERDE CAMPO
2157207027	IOG LACFREE NATURAL VC 500G (12)	51	B2C	60	VERDE CAMPO
330828	QJO PARMES�O FORMA FAIXA AZUL kg	39	(A) - VIGOR MERCEARIA	30	FAIXA AZUL
808080	DISPLAY PRATIC LEVE	53	FREEZER/GELADEIRAS	5	PRATIC LEVE
2162191027	QUEIJO PADRAO LACFREE VC 420g (16)	51	B2C	60	VERDE CAMPO
2157177066	IOG WHEY 14 MORANGO VC 250G (12)	51	B2C	60	VERDE CAMPO
2157176167	IOG LACFREE MORANGO VC 170G (12)	51	B2C	60	VERDE CAMPO
2157177165	IOG WHEY 21 DOCE DE LEITE VC 250G (12)	51	B2C	60	VERDE CAMPO
2166173027	QUEIJO MUSSARELA LACFREE VC 500G (12)	51	B2C	60	VERDE CAMPO
2157177164	IOG WHEY 14 COOKIES&CREAM VC 250G (12)	51	B2C	60	VERDE CAMPO
2163192027	REQUEIJAO LACFREE TRAD 180G (12)	51	B2C	60	VERDE CAMPO
2157173232	IOG LACFREE COCO VC 500G (12)	51	B2C	60	VERDE CAMPO
2157177177	IOG WHEY 21 MORANGO VC 250G (12)	51	B2C	60	VERDE CAMPO
2157173166	IOG LACFREE GOJIBERRY VC 500G (12)	51	B2C	60	VERDE CAMPO
2157173171	IOG LACFREE AMEIXA VC 500G (12)	51	B2C	60	VERDE CAMPO
2157176163	IOG LACFREE BMM VC 170G (12)	51	B2C	60	VERDE CAMPO
2162179172	QUEIJO COTTAGE TRAD VC 200G (12)	51	B2C	60	VERDE CAMPO
FRE00164-U	FREEZER SUCOS SPRESS VERT VIZU VB28R 127V BRANCO METALFRIO	53	FREEZER/GELADEIRAS	20	SPRESS SUCOS
2157223172	IOG DESNATADO NATURAL VC 140G (12)	51	B2C	60	VERDE CAMPO
FRE00222-U	FREEZER SUCOS SPRESS VERTICAL VISU BRANCO 498L 127V UNICA	53	FREEZER/GELADEIRAS	20	SPRESS SUCOS
2157223019	IOG WHEY 11 FRUTAS VERMELHAS 140G (12)	51	B2C	60	VERDE CAMPO
2157223010	IOG WHEY 11 MARACUJA 140G (12)	51	B2C	60	VERDE CAMPO
2157223129	IOG WHEY 14 TRADICIONAL 140G (12)	51	B2C	60	VERDE CAMPO
31021247	SORVETE LAKA OREO CHOC BRANCO LACTA POTE 1L CX/12	51	B2C	66	LACTA
798	SCANIA TRACAO CAMINHAO TRATOR - 11/12 - PLACA: EYP8E61 - BRANCA- RENAVAM: 00423723910 - CHASSI: 9BSP4X200C3693487	15	IMOBILIZADO	19	USO CONSUMO IMPOSTOS
31024472	MULTIPACK BATON GAROTO 45G (CX/12)	14	USO E CONSUMO	68	GAROTO
2158193134	SHAKE WHEY 14 BAUNILHA VC 250 ML (12)	51	B2C	60	VERDE CAMPO
773243	MOLHO L�CTEO SABOR CHEDDAR VIGOR 1,5kg.	39	(A) - VIGOR MERCEARIA	12	VIGOR ALIMENTOS
2158193024	SHAKE WHEY 14 CHOCOLATE VC 250 ML (12)	51	B2C	60	VERDE CAMPO
31024470	MULTIPACK STICK FINI 45G	14	USO E CONSUMO	67	FINI
775154	PRATO PROCESSADO FATIADO 2,24G(4)	49	REFRIGERADO	12	VIGOR ALIMENTOS
31024202	SORVETE TENTAZIONE BANOFFE NOBRELLI POTE 1,5L CX/8	51	B2C	69	NOBRELLI
C132158	UNIDADE CONDENSADORA DANFOSS LGZ271D49Q 220V TRIF - LGZ271D49Q	14	USO E CONSUMO	19	USO CONSUMO IMPOSTOS
31010711	SORVETE DIAMANTE NEGRO CHOC + LAKA CHOC BRANCO LACTA POTE 1,5L (CX/8)	51	B2C	66	LACTA
31010715	SORVETE LAKA CHOCOLATE BRANCO LACTA POTE 1,5L CX/8	51	B2C	66	LACTA
2	Q MOZZ BUFALA BARRA G (2)	51	B2C	25	BOM DESTINO
N0012903	VW/DELIVERY 11.180	33	ADMINISTRATIVO	19	USO CONSUMO IMPOSTOS
14	Q MOZZ BUFALA BOLA MEDIA POTE 250g (12)	51	B2C	25	BOM DESTINO
DB0040	DISPLAY M�DIO MIX RAP10/ANA MARIA/PUL	17	DISPLAYS DE VENDA	1	PULLMAN
DB0039	DISPLAY BALCAO RAP10	17	DISPLAYS DE VENDA	15	RAP 10
5076	Q MOZZ BUFALA BOLA CEREJA BALDE 1KG (4)	51	B2C	25	BOM DESTINO
3	Q MOZZ BUFALA MANTA (33)	51	B2C	25	BOM DESTINO
10516020	BATATA ONDULADA BACON 40G	27	(A) - BATATA ONDULADA	5	PRATIC LEVE
4005500	GELATO BACIO c/8 490ml	51	B2C	22	BACIO DI LATTE
4005510	GELATO NOCCIOLINA c/8 490ml	51	B2C	22	BACIO DI LATTE
4000510	GELATO CREME MORANGO c/8 490ml	51	B2C	22	BACIO DI LATTE
4005504	GELATO DOCE DE LEITE c/8 490ml	51	B2C	22	BACIO DI LATTE
4005523	GELATO BISCOTTO GINGERBREAD c/8 490ml	51	B2C	22	BACIO DI LATTE
4005515	GELATO CREME MARACUJ� c/8 490ml	51	B2C	22	BACIO DI LATTE
4005541	GELATO CIOCCOLATO BELGA c/8 490ml	51	B2C	22	BACIO DI LATTE
4000502	GELATO COCCO c/8 490ml	51	B2C	22	BACIO DI LATTE
4005524	GELATO GIANDUIA c/8 490ml	51	B2C	22	BACIO DI LATTE
5123260000	275/70R22.5 148/145L TL HSR2 SA LRJ 18PR	18	ALMOXARIFADO	19	USO CONSUMO IMPOSTOS
9071	CHAVE DE TRANSFERENCIA AUTOMATICA 4 POLOS HYCQ5M-400A	18	ALMOXARIFADO	19	USO CONSUMO IMPOSTOS
1218	SUCO SPRESS 900ml CAJU	44	SUCO NATURAL	20	SPRESS SUCOS
C32218	COMPRESSOR DANFOSS NTZ271	14	USO E CONSUMO	19	USO CONSUMO IMPOSTOS
FRE00168-U	FREEZER SUCOS SPRESS VERT VIZU VB28R SLIM 220V BRANCO METALFRIO UNICA-U	53	FREEZER/GELADEIRAS	20	SPRESS SUCOS
772860	QJO TIPO GRUYERE VIGOR 12X145g	39	(A) - VIGOR MERCEARIA	12	VIGOR ALIMENTOS
772858	QUEIJO EMMENTAL FRAC VIGOR 12X145g	39	(A) - VIGOR MERCEARIA	12	VIGOR ALIMENTOS
38	KIT RASTREADORES GSM	15	IMOBILIZADO		
90120012	FAROFA CROCANTE TRADICIONAL PRATIC LEVE 320g.	30	(A) - FAROFA	5	PRATIC LEVE
948	SALGADINHO BACON BUEN APETIT 2KG	45	(A) - SEQUILOS_BISCOITOS_PETISCOS	32	BUEN APETIT
4005555	GELATO CREMA DI BACIO c/8 490ml	51	B2C	22	BACIO DI LATTE
951	SALGADINHO PIMENTINHA BUEN APETIT 2Kg	45	(A) - SEQUILOS_BISCOITOS_PETISCOS	32	BUEN APETIT
41703	QUEIJO PARMES�O FORMA VIGOR FS (02 UN)	39	(A) - VIGOR MERCEARIA	12	VIGOR ALIMENTOS
2157223006	IOG LACFREE MORANGO VC 140G (12)	51	B2C	60	VERDE CAMPO
2157207129	IOG WHEY 28 SABOR TRAD VC 500G (12)	51	B2C	60	VERDE CAMPO
5077	Q MOZZ BUFALA BOLA GRANDE BALDE 1KG (4)	51	B2C	25	BOM DESTINO
2157207232	IOG WHEY 28 COCO VC 500G (12)	51	B2C	60	VERDE CAMPO
2157177803	IOG WHEY 21 COCO VC 250G (12)	51	B2C	60	VERDE CAMPO
2157177169	IOG WHEY 21 PASTA DE AMENDOIM VC 250G (12)	51	B2C	60	VERDE CAMPO
2157223027	IOG LACFREE TRADICIONAL VC 140G (12)	51	B2C	60	VERDE CAMPO
2169173246	IOG PROB TRIPLO ZERO AMEIXA VC 500G (12)	51	B2C	60	VERDE CAMPO
2157176173	IOG KIDS BM VC 170G (12)	51	B2C	60	VERDE CAMPO
2815	QUEIJO MOZZARELLA DE B�FALA BOLA CEREJA POTE 160g (18)	51	B2C	25	BOM DESTINO
2157176006	IOG KIDS MORANGO VC 170G (12)	51	B2C	60	VERDE CAMPO
2169173247	IOG PROB TRIPLO ZERO MORAN VC 500G (12)	51	B2C	60	VERDE CAMPO
2157223163	IOG LACFREE BMM VC 140G (12)	51	B2C	60	VERDE CAMPO
13480	BURRATA DE B�FALA IMERSA 120g (12)	51	B2C	25	BOM DESTINO
2157172163	IOG LACFREE BMM VC 140G (24)	51	B2C	60	VERDE CAMPO
2157223166	IOG LACFREE GOJIBERRY VC 140G (12)	51	B2C	60	VERDE CAMPO
2169210171	IOG PROBIOTICO AMEIXA VC 500G (12)	51	B2C	60	VERDE CAMPO
5648455001	CAIXA PLASTICA MULTIUSO C/ FECHO 28X18X14	14	USO E CONSUMO	19	USO CONSUMO IMPOSTOS
2169209163	IOG PROBIOTICO BMM VC 170G (12)	51	B2C	60	VERDE CAMPO
2157223268	IOGURTE DESNATADO COM COCO 140G (12)	51	B2C	60	VERDE CAMPO
2169210163	IOG PROBIOTICO BMM VC 500G (12)	51	B2C	60	VERDE CAMPO
18	Q MOZZ BUFALA BOLA A VACUO 400g	51	B2C	25	BOM DESTINO
2169173232	IOG PROBIOTICO COCO VC 500G (12)	51	B2C	60	VERDE CAMPO
45910	QUEIJO PROC FAT CHEDDAR VIGOR 280G (9)	49	REFRIGERADO	12	VIGOR ALIMENTOS
2169209006	IOG PROBIOTICO MORANGO VC 170G (12)	51	B2C	60	VERDE CAMPO
7896625211685	QUEIJO PROC FAT CHEDDAR VIGOR 140G (18)	49	REFRIGERADO	12	VIGOR ALIMENTOS
2169210006	IOG PROBIOTICO MORANGO VC 500G (12)	51	B2C	60	VERDE CAMPO
2169210027	IOG PROBIOTICO TRADICIONAL VC 500G (12)	51	B2C	60	VERDE CAMPO
785281	QJO TIPO GORGONZOLA FRAC FA 100G (12)	51	B2C	30	FAIXA AZUL
2172256027	MANTEIGA S/ SAL SM 5KG	51	B2C	60	VERDE CAMPO
2172179027	MANTEIGA LACFREE VC 200G (12)	51	B2C	60	VERDE CAMPO
2157223133	IOGURTE DESNATADO COM CANELA 140G (12)	51	B2C	60	VERDE CAMPO
2155179027	QUEIJO COTTAGE LACFREE VC 200G CX 12	51	B2C	60	VERDE CAMPO
2162180170	QUEIJO COTTAGE LACFREE VC 400G (12)	51	B2C	60	VERDE CAMPO
2162180027	QUEIJO COTTAGE TRAD VC 400G (12)	51	B2C	60	VERDE CAMPO
2163254027	REQUEIJAO LACFREE TRAD 400G (12)	51	B2C	60	VERDE CAMPO
2162177027	QUEIJO FRESCAL LACFREE VC 250G (12)	51	B2C	60	VERDE CAMPO
2162270170	QUEIJO FRESCAL LIGHT VC 450G (08)	51	B2C	60	VERDE CAMPO
2162270027	QUEIJO FRESCAL TRAD VC 450G (08)	51	B2C	60	VERDE CAMPO
2166221027	QUEIJO MUSSARELA LACFREE 150G (32)	51	B2C	60	VERDE CAMPO
2166190027	QUEIJO MUSSARELA LACFREE VC 3KG (06)	51	B2C	60	VERDE CAMPO
2166190170	QUEIJO MUSSARELA LIGHT VC 3KG (06)	51	B2C	60	VERDE CAMPO
2162191172	QUEIJO P. COBOCO VC 450G (16)	51	B2C	60	VERDE CAMPO
2162173027	QUEIJO P. LANCHE LACFREE VC 500G (12)	51	B2C	60	VERDE CAMPO
2162191170	QUEIJO PADRAO LIGHT VC 450G (16)	51	B2C	60	VERDE CAMPO
2157193133	IOG WHEY 14 BANANA VC 250G (12)	51	B2C	60	VERDE CAMPO
2157177134	IOG WHEY 14 BAUNILHA VC 250G (12)	51	B2C	60	VERDE CAMPO
2157177197	IOG WHEY 14 JABUTICABA VC 250G (12)	51	B2C	60	VERDE CAMPO
2157177017	IOG WHEY 21 TORTA LIMAO VC 250G (12)	51	B2C	60	VERDE CAMPO
2157176000	IOG WHEY 10 PESSEGO VC 170G (12)	51	B2C	60	VERDE CAMPO
302216	TORRESMO 60G	51	B2C	32	BUEN APETIT
2174275019	SOBREMESA FRUTAS VERMELHAS VC (12)	51	B2C	60	VERDE CAMPO
77800	MUFFIN LARANJA (15)	51	B2C	73	MELHOR BOCADO
2174275133	SOBREMESA BANANA E CANELA VC (12)	51	B2C	60	VERDE CAMPO
2161207027	KEFIR LACFREE TRADICIONAL 500G VC (12)	51	B2C	60	VERDE CAMPO
2161207006	KEFIR LACFREE MORANGO 500G VC (12)	51	B2C	60	VERDE CAMPO
506567	ANA MARIA 42g COB P�O DE MEL (16)	6	(B) - BOLINHO C/RECHEIO	14	ANA MARIA
70123024	BATATA PALHA EXTRA FINA PRATIC LEVE 87g (24)	32	(A) - BATATA PALHA	5	PRATIC LEVE
77831	CROISSANT RECHEADO COM REQUEIJ�O CREMOSO (12)	51	B2C	73	MELHOR BOCADO
31025832	SORVETE BOMBOMZIN 85,5G (CX/18)	51	B2C	68	GAROTO
4005570	GELATO VANILLA 10L	51	B2C	22	BACIO DI LATTE
31026111	OREO BITES 72g (CX/12)	51	B2C	65	OREO
77824	CROISSANT TRADICIONAL 55G (12)	51	B2C	73	MELHOR BOCADO
31026391	SORVETE DIAMANTE NEGRO LACTA 485g (CX/12)	51	B2C	66	LACTA
77817	MUFFIN DE CHOCOLATE 60G (15)	51	B2C	73	MELHOR BOCADO
30114016	BATATA PALHA LANCHE PRATIC LEVE 500g (16)	32	(A) - BATATA PALHA	5	PRATIC LEVE
31026392	SORVETE SONHO DE VALSA LACTA 485g (CX/12)	51	B2C	66	LACTA
20124024	BATATA PALHA PREMIUM PRATIC LEVE 101g (24)	32	(A) - BATATA PALHA	5	PRATIC LEVE
31026104	MEGA PISTACHE 74g (CX/20)	51	B2C	64	NESTLE
1429	SALGADINHOS APETITOS REQUEIJ�O 70G (10)	45	(A) - SEQUILOS_BISCOITOS_PETISCOS	32	BUEN APETIT
1425	SALGADINHOS APETITOS CEB. & SALSA 70G (10)	45	(A) - SEQUILOS_BISCOITOS_PETISCOS	32	BUEN APETIT
31024192	SORVETE PREST�GIO NESTL� POTE 1,5L (CX/8)	51	B2C	64	NESTLE
1428	SALGADINHOS APETITOS PRESUNTO 70G (10)	45	(A) - SEQUILOS_BISCOITOS_PETISCOS	32	BUEN APETIT
2445	KIT VW 8.150 DELIVERY CUM 2008 SD	18	ALMOXARIFADO	19	USO CONSUMO IMPOSTOS
1426	SALGADINHO APETITOS  PARMES�O 70G (10)	45	(A) - SEQUILOS_BISCOITOS_PETISCOS	32	BUEN APETIT
1427	SALGADINHO APETITOS CHEDDAR 70G (10)	45	(A) - SEQUILOS_BISCOITOS_PETISCOS	32	BUEN APETIT
75879	BATATA PALHA DA TERRINHA EXTRAFINA 100g (CX/20)	32	(A) - BATATA PALHA	8	DA TERRINHA
55890	IOG GREGO TORTA DE LIM�O 90G (24)	39	(A) - VIGOR MERCEARIA	12	VIGOR ALIMENTOS
55957	IOG GREGO BANOFFE 90G (24)	39	(A) - VIGOR MERCEARIA	12	VIGOR ALIMENTOS
M1040001	IOGURTE MUAI WHEY 14g DESNATADO FRUTAS VERMELHAS 250g (12)	51	B2C	75	MUAI
31026273	SORVETE OREO 500g (CX/12)	51	B2C	65	OREO
75877	BATATA PALHA DA TERRINHA TRADICIONAL 100g (CX/20)	32	(A) - BATATA PALHA	8	DA TERRINHA
56001	IOG GREGO FLOCOS ZERO 90G (24)	39	(A) - VIGOR MERCEARIA	12	VIGOR ALIMENTOS
M0000001	LEITE MUAI INTEGRAL 1 LT (12)	43	LEITE TIPO A	75	MUAI
53798	QUEIJO CAMEMBERT FRAC FA 120G (12)	39	(A) - VIGOR MERCEARIA	30	FAIXA AZUL
53727	QUEIJO TIPO BRIE FRAC FA 120G (12)	39	(A) - VIGOR MERCEARIA	30	FAIXA AZUL
45913	QUEIJO CHEDDAR FATIADO 140G (18)	39	(A) - VIGOR MERCEARIA	12	VIGOR ALIMENTOS
M0010001	LEITE MUAI SEMIDESNATADO 1 LT (6)	43	LEITE TIPO A	75	MUAI
M1000002	IOGURTE MUAI DESNATADO MORANGO 180G (24)	51	B2C	75	MUAI
1259	SUCO SPRESS MARACUJA 900ML	44	SUCO NATURAL	20	SPRESS SUCOS
1107	SUCO SPRESS  LARANJA ADO�ADO 900ml	44	SUCO NATURAL	20	SPRESS SUCOS
2157273257	IOG DESN 2 INGR LACFREE 160G VC (CX/24)	51	B2C	60	VERDE CAMPO
M000001	IOGURTE MUAI DESNATADO MORANGO 550G (12)	51	B2C	75	MUAI
M10200001	IOGURTE MUAI DESNATADO MEL 550G (12)	51	B2C	75	MUAI
M0020001	LEITE MUAI DESNATADO 1 LT (6)	43	LEITE TIPO A	75	MUAI
MR1020002	IOGURTE MUAI DESNATADO MEL 180G (24)	51	B2C	75	MUAI
M0030001	LEITE MUAI ZERO LACTOSE 1 LT (6)	43	LEITE TIPO A	75	MUAI
M1010001	IOGURTE MUAI DESNATADO AMEIXA 550G (12)	51	B2C	75	MUAI
M1030001	IOGURTE MUAI DESNATADO TRADICIONAL 550G (12)	51	B2C	75	MUAI
M1031001	IOGURTE MUAI DESNATADO COCO 550G (12)	51	B2C	75	MUAI
M1050001	IOGURTE MUAI WHEY 14g DESNATADO MIRTILO 250g (12)	51	B2C	75	MUAI
M1070001	IOGURTE MUAI WHEY 14g DESNATADO A�A� COM BANANA 250g (12)	51	B2C	75	MUAI
M1060001	IOGURTE MUAI WHEY 14g DESNATADO ABACAXI COM HORTEL� 250G (12)	51	B2C	75	MUAI
M1080001	IOGURTE MUAI WHEY 14g DESNATADO MARACUJ� 250G (12)	51	B2C	75	MUAI
M2000001	MANTEIGA MUAI COM SAL 200G (12)	51	B2C	75	MUAI
2463					
4041	REQUEIJAO CREMOSO BUF ZERO LACTOSE 200g	51	B2C	25	BOM DESTINO
4043	Q. MOZZARELLA BUFALA BOLA CEREJA  Z LACT 160g	51	B2C	25	BOM DESTINO
31026661	SORVETE NESTL� ZERO A�UCAR 450g (12)	51	B2C	64	NESTLE
M7000002	CREME DE LEITE MUAI PASTEURIZADO 500g (6)	51	B2C	75	MUAI
2405	Q. MOZZARELLA BUFALA BARRA FATIADA 150g	51	B2C	25	BOM DESTINO
31026607	SORVETE OURO BRANCO LACTA 485g (12)	51	B2C	66	LACTA
1076	Q. COALHO BUFALA ESPETO	51	B2C	25	BOM DESTINO
9095	SUCO SPRESS 900ML ABACAXI COM HORTELA	44	SUCO NATURAL	20	SPRESS SUCOS
31026731	SORVETE LAFRUTTA COCO ABACAXI 540g (CX/12)	51	B2C	64	NESTLE
4180016	SKATE E ACESSORIOS EURO	18	ALMOXARIFADO	19	USO CONSUMO IMPOSTOS
1115	SUCO SPRESS ABACAXI COM HORTEL� 300ML	44	SUCO NATURAL	20	SPRESS SUCOS
31026742	SORVETE LAFRUTTA MANGAMORCHIA 620g (12)	51	B2C	64	NESTLE
10888	CREAM CHEESE DANUBIO 400g (CX/12)	39	(A) - VIGOR MERCEARIA	31	DANUBIO
4005580	GELATO CARAMELO SALGADO 490ml (CX/8)	51	B2C	22	BACIO DI LATTE
31026743	SORVETE CHAMBINHO NESTL� 460g (12)	51	B2C	64	NESTLE
4005577	PICOL� MOANA MORANGO COM LEITE DISNEY 60G CX/24	51	B2C	22	BACIO DI LATTE
63	REQUEIJAO CREMOSO DE BUFALA 200g	51	B2C	25	BOM DESTINO
1241	P�O DE ALHO RECHEADO C/ REQUEIJ�O RESERVA ONE 300G (12)	19	(A) - PAO DE ALHO	72	RESERVA ONE
181	PUDIM REBEKA LEITE CONDENSADO 120g (CX/24)	49	REFRIGERADO	76	PUDIM REBEKA
4005588	GELATO PISTACCHIO c/8 490ml	51	B2C	22	BACIO DI LATTE
31027306	SORVETE TRADICIONAL FLOCOS NESTL� POTE 1,5L CX/8	51	B2C	64	NESTLE
31026849	CONE CROCANTE 88g  (CX/18)	51	B2C	68	GAROTO
4005589	BOMBOM DE GELATO BACIO 90g (CX/12)	51	B2C	22	BACIO DI LATTE
4005590	BOMBOM DE GELATO FRAMBOESA 90g (CX/12)	51	B2C	22	BACIO DI LATTE
1253	SUCO SPRESS  MANGA C/ MARACUJA 900ml	44	SUCO NATURAL	20	SPRESS SUCOS
4005591	BOMBOM DE GELATO PISTACCHIO 90g (CX/12)	51	B2C	22	BACIO DI LATTE
1244	P�O DE ALHO RECHEADO C/ CALABRESA RESERVA ONE 300G (12)	19	(A) - PAO DE ALHO	72	RESERVA ONE
3022041	SALGADINHO BUEN APETIT CHURRASCO 80g	45	(A) - SEQUILOS_BISCOITOS_PETISCOS	32	BUEN APETIT
31026695	PIC CARIBE GAROTO 68g (CX/36)	51	B2C	68	GAROTO
3022031	SALGADINHO BUEN APETIT QUEIJO 80g	45	(A) - SEQUILOS_BISCOITOS_PETISCOS	32	BUEN APETIT
73796	RING DONUTS HOMER CREME C/ COBERTURA (CX/24)	51	B2C	73	MELHOR BOCADO
1	Q. BURRATA DE BUFALA CREME BALDE 1KG	51	B2C	25	BOM DESTINO
P.2B.FV	RING FRUTAS VERMELHAS C/ COBERTURA (CX/24)	51	B2C	73	MELHOR BOCADO
7588	CONE CIOCCHINO PISTACCHIO 75g (CX/18)	51	B2C	22	BACIO DI LATTE
P.2B.DL	RING DOCE DE LEITE C/ COBERTURA CROCANTE (CX/24)	48	CONGELADOS	73	MELHOR BOCADO
BN103020002970	CHOCOLATE CARAMELLO SALGADO 80g Display c/10	51	B2C	22	BACIO DI LATTE
776693	BEBIDA LACTEA VITAMINA DE FRUTAS LECO 800g (CX/9)	10	(A) - MERCEARIA VIGOR	35	LECO
P.2B.BR	RING DONUTS BRIGADEIRO C/ COBERTURA (CX/24)	51	B2C	73	MELHOR BOCADO
4005599	BOMBOM DE GELATO CARAMELLO SALGADO 144g (CX/8)	51	B2C	22	BACIO DI LATTE
P.PE.G3	PETIT GATEAU SABOR CHOCOLATE (CX/24)	51	B2C	73	MELHOR BOCADO
1250	SUCO SPRESS MISTO DE LARANJA E ACEROLA 900ml	44	SUCO NATURAL	20	SPRESS SUCOS
BN103020002966	CHOCOLATE PISTACHE BACIO 80g Display c/10	51	B2C	22	BACIO DI LATTE
BN103020002968	CHOCOLATE PISTACCHIO CROCANTE BACIO 80g Display c/10	51	B2C	22	BACIO DI LATTE
BN103020003249	CREME BELLA PISTACCHIO 250g CX c/6 un.	51	B2C	22	BACIO DI LATTE
BN103020003250	CREME BELLA CROCCANTE PISTACCHIO 250g CX c/6 un.	51	B2C	22	BACIO DI LATTE
BN103120005850	BEBIDA LICOR LIMONCELLO 500ml - CX c/6 un.	51	B2C	22	BACIO DI LATTE
BN004020006818	BEBIDA LICOR CIOCCOLATO BELGA 500ml - CX c/6 un.	51	B2C	22	BACIO DI LATTE
BN004020006835	BEBIDA LICOR PISTACCHIO 500ml - CX c/6 un.	51	B2C	22	BACIO DI LATTE
M2000005	MANTEIGA MUAI ZERO LACTOSE 200G (12)	51	B2C	75	MUAI
13553	Q MOZZ BUFALA BOLA EXTRA POTE 500g	51	B2C	25	BOM DESTINO
M3000001	REQUEIJ�O MUAI TRADICIONAL 200G (12)	51	B2C	75	MUAI
2823	BISC POLV VOV� QUEIJO PARMES�O 150g (CX/30)	45	(A) - SEQUILOS_BISCOITOS_PETISCOS	21	VOVO CLARA
M3000002	REQUEIJ�O MUAI LIGHT 200G (12)	51	B2C	75	MUAI
P.1N.CA	DONUTS COM RECHEIO SABOR CREME DE AVEL� C/ COBERTURA (CX/24)	51	B2C	73	MELHOR BOCADO
M4000001	QUEIJO MUAI MINAS FRESCAL CX/6 - PESO VARIAVEL	51	B2C	75	MUAI
M5010001	QUEIJO MUAI MATURADO CX/6 - PESO VARIAVEL	51	B2C	75	MUAI
M6000001	RICOTA MUAI CX/6 - PESO VARIAVEL	51	B2C	75	MUAI
M5000001	QUEIJO MUAI MINAS PADR�O CX/6 - PESO VARIAVEL	51	B2C	75	MUAI
215500053	DISPLAY BAZZUCA RAP 10 G	17	DISPLAYS DE VENDA	15	RAP 10
M0040001	LEITE MUAI INTEGRAL A2 1 LT (12)	51	B2C	75	MUAI
P.SD.BV	DONUTS COM RECHEIO SABOR CREME (CX/12)	51	B2C	73	MELHOR BOCADO
281	PUDIM REBEKA BRIGADEIR�O 80g (CX/36)	49	REFRIGERADO	76	PUDIM REBEKA
P.1B.DL	DONUTS DOCE DE LEITE C/ COBERTURA (CX/24)	51	B2C	73	MELHOR BOCADO
M0040002	LEITE MUAI INTEGRAL A2 500ML (12)	51	B2C	75	MUAI
P.KB.UN	BOLO BROWNIE (CX/24)	51	B2C	73	MELHOR BOCADO
80.912.0004	REQUEIJAO REDUZIDO EM GORDURAS TOTAIS VC 180g (12)	51	B2C	60	VERDE CAMPO
80.900.0005	SHAKE UHT 100% WHEY CHOCOLATE VC 250ML (12)	51	B2C	60	VERDE CAMPO
165832	IOG LIQ MORANGO VIGOR 1,150g (9)	39	(A) - VIGOR MERCEARIA		
80.900.0006	SHAKE UHT 100% WHEY MORANGO VC 250ML (12)	51	B2C	60	VERDE CAMPO
P.1B.CH	DONUTS CHOCOLATE C/ COBERTURA (CX/24)	51	B2C	73	MELHOR BOCADO
964775	TAKIS INTENSE NACHO 56g	45	(A) - SEQUILOS_BISCOITOS_PETISCOS	70	TAKIS
CBSSSLAR	SUCO SPRESS BOLSA 5 Litros  LARANJA CONCENTRADO	44	SUCO NATURAL	20	SPRESS SUCOS
964776	TAKIS INTENSE NACHO 90g	45	(A) - SEQUILOS_BISCOITOS_PETISCOS	70	TAKIS
88	P�O DE ALHO SHAMARA C/ QUEIJO BANDEIJA 330g	19	(A) - PAO DE ALHO	2	SHAMARA ALIMENTOS
215500051	DISPLAY TRADICIONAL GG AM-PULL	17	DISPLAYS DE VENDA	1	PULLMAN
964777	TAKIS INTENSE NACHO 120g	45	(A) - SEQUILOS_BISCOITOS_PETISCOS	70	TAKIS
215500050	DISPLAY ATACADO PULL	17	DISPLAYS DE VENDA	1	PULLMAN
215500045	DISPLAY ATACADO RAP 10	17	DISPLAYS DE VENDA	15	RAP 10
215500052	DISPLAY TRADICIONAL GG AM-CROC	17	DISPLAYS DE VENDA	13	CROCANTISSIMO
